AnimalNo,WHHeightAtWither,Rumpheight,BLBodylengthcm,Scapuloischiallength,SternumHeight,ChestDepth,RumpWidth,RumpLength,HeartGirth,AbdGirth,CannonBoneDiameter,HockBoneDiameter,ActualBodyWeight
436,132,139,190,150,58,83,43,40,172,217,18,40,379
26,131,140,183,150,58,85,42,38,172,215,18,40,398
2,143,147,197,154,67,95,41,30,188,217,18,51,407
11112,139,146,202,174,78,82,45,36,185,203,17,56,412
8,144,160,185,152,67,84,43,36,179,216,19,46,413
550482,135,140,180,169,61,85,40,42,171,223,18,41,414
5615,139,143,208,149,64,96,47,35,194,225,20,42,427
4062,146,157,202,167,64,97,47,34,194,208,19,48,435
550460,131,140,206,161,57,85,42,34,179,223,18,42,440
4421,135,150,205,152,64,85,40,28,182,220,20,44,440
3655,147,153,220,170,65,90,48,35,190,216,19,40,450
4433,147,159,202,170,67,89,40,32,191,222,19,45,455
4264,135,152,193,165,62,97,42,35,196,231,18,44,456
3460,142,151,198,155,59,94,40,38,194,228,20,45,460
3564,149,158,205,168,72,102,41,38,185,217,20,47,460
2537,143,149,209,178,60,99,51,33,189,211,20,41,460
3620,149,155,210,176,68,100,45,49,198,226,20,54,463
3175,148,150,187,168,65,94,51,33,189,232,19,40,465
55048,137,143,179,145,54,86,42,33,185,225,19,51,465
3614,153,156,190,174,73,93,39,36,191,206,19,50,467
4955,146,152,195,163,58,95,35,36,187,207,18,43,467
3526,147,153,204,171,76,98,46,37,183,230,20,47,468
1118,143,154,182,148,66,89,43,28,187,225,23,47,473
34,145,158,211,158,66,94,44,41,186,226,20,45,476
4319,146,154,195,172,67,88,41,40,193,233,19,46,477
2228,154,162,208,171,62,98,47,41,192,229,21,47,478
4399,149,158,192,166,68,92,44,35,182,224,18,41,480
550391,137,146,194,153,60,88,42,36,183,226,18,46,480
4366,153,162,204,166,69,90,42,36,179,225,19,43,481
85,148,155,196,163,64,88,43,34,181,225,20,46,481
4530,147,158,210,168,66,92,41,37,188,229,20,44,482
4581,143,155,208,175,66,89,42,37,187,228,19,50,483
6162,141,152,177,148,64,91,44,32,193,234,21,47,486
4186,142,150,190,159,64,91,40,35,183,222,19,44,486
3224,144,158,204,169,66,91,53,30,185,226,20,45,488
4492,146,156,208,161,66,88,41,37,194,240,20,49,490
3587,146,152,202,156,67,95,36,33,192,242,19,45,490
5768,143,153,208,173,60,93,40,32,189,233,20,45,490
4289,149,160,208,172,70,95,44,32,184,218,21,48,490
65240,146,158,206,166,68,97,42,36,195,243,22,47,492
2343,135,143,202,163,57,92,40,32,186,237,20,45,492
4056,148,158,209,181,70,101,42,37,184,223,18,48,492
2267,146,158,200,162,59,85,41,38,183,216,18,41,492
2970,142,154,210,175,66,93,44,37,188,245,18,48,494
3135,147,153,210,169,61,95,54,33,195,231,21,44,495
3760,160,165,207,172,64,93,45,36,189,213,21,54,495
7625,140,156,220,158,64,89,42,37,193,230,19,43,498
4225,155,160,192,172,72,95,36,33,196,233,20,45,500
1084,143,153,210,159,60,92,40,32,192,239,19,43,500
3814,150,158,191,165,69,96,40,39,194,238,19,42,502
4543,146,160,208,162,63,98,46,38,194,230,18.5,44,505
4320,148,160,207,169,68,90,40,31,183,224,18,42,506
3590,147,153,212,166,68,103,39,33,193,232,20,46,507
3690,149,166,193,178,72,98,40,34,190,234,20,42,508
3793,148,156,217,174,67,96,45,33,190,225,20,52,508
4058,147,158,181,159,69,99,42,36,191,228,20,44,508
3790,145,160,202,162,71,89,44,37,186,225,22,52,508
4569,143,158,203,174,62,96,43,35,195,240,20,49,509
2949,144,150,214,175,68,93,44,37,190,230,20,51,509
228,146,157,226,171,68,93,41,38,194,236,21,42,510
3771,151,160,205,160,58,93,45,36,190,225,24,50,510
8674,147,155,208,164,60,95,41,33,198,239,20,40,511
3479,150,157,197,168,68,98,44,37,193,234,21,42,511
7121,142,155,201,170,63,89,45,36,188,228,20,47,512
3433,147,153,210,184,64,99,46,39,198,239,20,46,513
28,146,155,218,174,64,93,42,40,200,236,19,43,514
3296,152,165,199,167,73,100,41,36,195,225,18,46,514
7733,145,150,205,172,64,95,39,34,191,228,20,42,514
2224,140,145,210,161,65,90,44,44,195,239,20,42,515
4155,148,158,190,171,68,101,38,38,193,227,20,48,515
200000,137,145,220,152,58,89,44,40,190,230,17,46,516
4223,147,159,210,168,66,93,39,37,195,230,21,42,518
4124,147,157,213,160,65,92,40,37,188,232,17,42,518
3861,151,160,213,184,76,100,50,44,195,244,21,53,519
4300,154,164,205,189,70,93,52,43,197,224,20,54,519
3482,152,164,198,179,68,101,48,34,194,235,20,42,519
4270,155,168,190,170,72,101,42,38,193,230,18,51,519
3623,151,162,212,178,75,98,44,35,191,232,22,52,519
253,153,163,207,165,71,100,45,33,200,238,21,48,520
4439,144,158,183,166,60,91,38,36,189,227,18,43,520
2414,144,151,225,160,64,96,41,36,193,239,20,41,521
4023,152,161,207,185,69,96,46,41,192,239,20,53,522
3971,153,161,197,182,68,93,50,29,188,245,20,41,522
3372,151,165,211,169,69,95,49,34,194,235,20,43,522
4742,148,160,208,163,66,94,48,43,194,228,22,54,522
4285,157,165,201,177,73,98,55,39,192,235,21,48,523
3116,147,154,211,177,60,96,40,37,197,233,19,44,523
4193,153,160,186,178,70,98,48,36,193,222,18,57,523
7098,156,158,210,158,70,94,41,37,198,250,18,50,524
3477,154,162,230,189,72,96,55,45,191,226,19,53,524
255,149,164,205,171,72,94,44,36,188,237,19,44,524
4197,154,164,215,182,72,95,43,36,192,234,18,55,525
4152,152,162,216,169,63,94,43,39,192,224,20,52,525
8129,140,157,214,178,66,94,43,35,197,240,20,49,526
4114,149,163,207,176,66,96,50,35,198,235,19,42,526
2747,146,156,209,165,64,95,49,32,194,239,20,42,526
4119,142,156,220,170,66,92,48,42,181,217,20,44,526
4311,148,161,210,175,65,93,41,37,195,243,19,52,530
3803,156,157,212,167,69,92,50,35,198,237,20,48,530
243,148,160,225,170,63,96,44,40,197,238,20,46,532
2576,133,148,215,159,59,98,40,33,203,239,20,57,532
3347,153,157,212,174,68,96,48,36,195,243,22,53,533
2509,148,156,222,181,61,95,48,35,195,234,21,45,534
8309,139,151,218,180,54,90,42,34,193,242,20,48,536
5,150,157,212,157,66,102,43,33,204,233,19,52,536
3615,155,163,205,177,65,94,45,38,193,226,20,47,536
4494,151,158,200,180,75,103,45,34,193,233,21,56,537
2352,149,158,218,173,68,96,47,38,198,239,21,44,538
2538,145,154,214,176,64,97,47,39,193,234,18,50,538
3995,148,155,210,166,59,95,40,36,195,247,19,49,539
7836,143,151,210,179,57,97,40,34,197,242,19,49,540
4091,153,164,222,181,67,93,46,38,192,239,19,44,540
245,148,159,204,176,66,95,44,35,193,218,19,49,540
3897,152,162,215,173,73,102,41,37,201,245,20,45,541
3863,157,166,220,178,72,96,42,38,194,242,19,48,541
4210,149,163,207,195,62,104,48,42,202,232,20,50,542
3782,156,162,203,184,73,94,49,40,194,238,21,46,542
8377,147,155,208,151,56,96,35,33,196,252,18,44,543
3583,150,156,218,172,64,94,43,40,200,252,22,45,544
3757,146,159,217,167,66,103,39,38,198,241,20,44,544
3134,147,161,214,166,68,94,44,38,198,234,22,49,544
8353,145,154,220,169,64,96,47,36,193,235,23,45,544
3276,148,159,216,170,69,94,36,35,193,232,20,46,544
2966,155,160,225,183,69,98,46,33,197,236,20,44,545
4067,147,158,206,173,64,105,46,35,198,234,21,52,545
3057,150,163,207,168,68,100,48,35,198,232,23,48,545
2653,153,162,213,176,68,96,48,35,193,235,21,54,546
4260,156,163,208,172,72,101,49,33,190,227,20,51,546
3458,155,166,220,183,66,93,46,40,195,244,19,46,547
2304,145,156,221,170,58,94,45,37,198,240,21,48,547
2304,142,152,215,174,62,94,48,39,199,238,20,51,547
3113,151,165,218,170,72,98,47,43,199,232,20,45,547
3954,160,166,220,179,70,99,52,37,192,235,21,56,548
3944,156,162,179,166,74,93,50,33,196,234,20,49,548
3226,153,164,216,177,67,96,50,40,195,237,20,55,549
2453,143,152,220,168,62,107,37,38,200,240,19,44,549
3777,154,164,212,172,63,97,50,35,195,235,21,44,550
4249,153,165,185,180,74,91,45,37,194,235,21,43,550
3053,151,165,190,179,66,100,51,36,202,250,22,42,552
3117,150,159,213,174,66,96,41,37,196,244,20,45,552
7866,140,145,204,162,57,90,42,37,193,245,20,42,552
3030,161,163,230,198,64,108,53,42,208,238,20,51,553
3674,157,168,206,185,72,100,46,36,197,236,20,51,553
8342,149,152,192,179,61,97,41,36,195,241,20,43,553
3993,151,165,190,168,71,97,46,34,201,232,20,45,553
8145,147,154,225,185,64,90,45,36,197,223,21,48,555
3991,150,160,184,180,70,99,40,35,197,252,20,46,556
4454,150,164,210,190,70,105,39,36,192,240,19,51,556
2792,147,154,214,173,62,96,46,37,199,235,17,47,556
199,153,163,213,161,73,101,47,35,210,245,23,51,558
8641,153,158,207,178,66,99,44,36,196,237,21,56,558
2119,143,150,209,165,60,96,40,39,193,237,17,43,558
6900,144,150,215,170,59,95,48,33,195,252,19,47,559
3666,153,162,217,175,74,95,44,47,197,240,21,49,559
2296,147,157,216,173,59,98,46,32,207,243,20,45,560
3977,157,168,230,182,71,97,50,34,204,236,20,45,562
198,145,156,209,171,63,94,44,36,191,247,20,44,562
7892,140,147,199,157,60,95,39,34,197,235,19,44,562
220,155,165,210,175,76,104,45,35,213,242,19,50,564
3520,158,162,198,185,64,106,49,37,195,240,21,47,564
3029,152,159,211,180,64,98,52,36,200,238,20,54,564
7858,151,163,195,176,62,99,41,37,199,242,20,41,564
4467,149,161,213,178,71,94,48,41,192,238,20,52,564
6207,151,156,213,168,65,100,44,35,203,256,20,44,565
3796,155,165,210,177,74,96,48,35,202,243,20,43,565
3267,154,163,225,178,70,104,40,39,197,242,19,43,565
3329,155,162,225,183,67,97,52,32,202,232,22,47,565
3942,165,168,189,172,75,95,45,42,197,236,20,44,566
3576,155,168,220,185,72,99,46,40,204,250,21,56,567
3011,150,160,219,175,66,99,42,38,205,242,19,53,567
7359,141,155,225,186,59,98,55,30,195,245,19,43,568
3002,153,161,231,187,68,103,53,41,200,249,22,52,569
4213,154,163,185,175,69,105,50,33,207,240,21,43,569
2545,154,161,217,182,63,96,49,37,200,235,20,42,570
3987,160,165,208,187,76,102,48,36,200,232,20,51,570
3323,154,165,200,168,69,98,54,35,199,253,21,45,571
3762,155,171,210,175,71,95,47,40,201,246,22,50,572
8610,143,154,213,180,62,95,47,30,198,246,21,47,572
2329,144,155,208,172,62,95,37,34,200,244,20,48,573
3770,153,170,215,175,71,100,48,37,204,244,18,47,574
2223,141,152,210,171,56,98,40,37,205,233,20,42,574
3335,154,164,203,178,68,97,45,39,204,246,21,48,575
2740,149,154,190,170,63,97,47,39,205,237,19,48,575
4544,152,168,224,180,74,96,40,36,191,236,20,47,575
8172,139,148,185,170,54,92,45,31,188,243,18,44,575
3015,155,163,195,180,69,99,43,40,198,238,20,46,576
2938,158,167,221,185,71,102,49,39,207,235,22,45,577
4334,156,168,215,190,72,104,46,42,201,236,21,53,579
8614,143,156,221,175,59,106,46,39,199,244,20,52,579
8630,144,153,202,173,56,98,46,32,197,246,20,42,579
3560,150,160,210,174,62,105,52,37,197,249,20,45,580
2882,149,165,237,178,65,102,45,39,197,235,19,45,580
3865,158,168,187,186,74,96,44,39,194,239,20,50,580
2997,157,163,202,184,66,102,48,37,205,238,21,45,581
7559,145,153,213,164,62,99,48,36,202,248,20,47,581
126,146,157,207,173,57,97,44,37,199,239,19,41,582
2824,156,165,199,185,70,100,48,33,210,251,20,43,583
3036,151,168,217,187,69,108,46,41,205,244,21,53,583
2953,155,163,213,184,66,100,49,34,203,250,20,43,583
610,162,165,202,183,73,97,44,37,198,231,19,43,583
2570,146,155,215,183,58,101,42,37,198,227,19,51,583
7641,158,159,219,175,65,101,41,36,203,254,20,45,584
3227,148,160,215,181,67,104,43,36,209,248,20,47,584
2924,156,164,219,179,61,98,54,36,203,242,21,47,584
3283,154,163,213,185,68,100,47,39,205,245,19,59,585
3288,155,163,215,182,68,101,44,41,199,244,20,41,585
2919,159,165,210,180,71,101,55,35,199,242,19,44,585
3531,147,159,210,170,65,94,40,37,192,242,19,43,585
7357,146,152,220,182,59,100,46,38,192,247,20,52,587
8062,149,157,225,185,60,102,52,37,199,248,21,42,588
2221,150,156,215,169,65,102,45,35,194,253,19,45,588
2480,153,159,205,180,64,96,43,33,193,240,20,54,588
4238,154,168,198,176,65,101,44,35,204,250,21,46,589
3198,151,158,218,184,60,100,44,36,200,260,19,48,590
2867,159,161,207,183,65,96,43,36,203,253,20,46,590
3859,156,163,207,184,75,107,49,39,202,248,19,53,590
8525,147,156,212,168,63,97,41,42,205,250,20,46,590
3827,155,165,194,175,74,104,51,35,209,243,20,44,590
1091,152,162,223,178,69,97,53,43,196,240,22,49,590
104,143,150,220,173,62,93,42,37,198,252,19,46,590
2890,153,164,228,185,68,95,48,40,202,245,21,52,591
3661,153,160,208,168,68,102,46,39,199,248,20,52,591
4468,147,158,206,173,63,105,36,44,206,254,19,45,592
2500,148,162,219,169,64,95,45,35,196,263,20,48,592
2687,154,160,225,178,62,107,47,43,205,243,21,51,592
241,149,161,222,176,67,96,45,38,201,248,20,46,592
8143,147,157,231,182,67,99,48,39,188,238,22,53,592
8006,153,153,224,178,62,99,50,31,197,249,20,45,593
3326,157,160,218,175,64,102,44,41,205,251,19,55,595
3240,156,168,220,183,70,91,44,41,200,242,20,50,595
4628,154,161,210,187,64,95,48,39,198,239,22,52,595
3419,151,164,215,182,72,95,41,39,205,257,21,44,596
3795,156,160,212,198,69,98,43,36,202,246,21,51,596
2465,145,155,210,174,61,98,45,32,200,241,20,47,596
3503,151,166,200,170,70,97,45,32,198,241,19,49,596
3931,150,161,204,192,64,102,47,41,203,250,20,53,597
4257,161,172,215,193,72,102,43,39,204,244,21,52,597
8412,147,153,205,170,57,102,50,36,212,245,24,46,597
3484,153,164,205,181,64,100,47,41,198,242,22,47,597
7455,150,156,227,175,65,101,46,39,203,254,20,62,598
3006,155,159,204,194,68,99,48,41,197,252,22,55,598
2965,158,163,230,175,67,105,51,34,211,236,20,46,598
258,149,156,225,172,66,100,50,37,197,251,19,50,598
2508,148,154,210,185,62,98,53,40,200,242,20,44,598
251,151,155,200,161,69,96,44,38,195,238,24,49,598
2368,158,164,229,178,65,100,50,39,201,248,24,50,599
2056,143,150,210,176,54,94,42,36,200,259,20,44,599
2486,152,156,202,173,67,100,42,40,215,255,20,47,600
2850,156,162,220,184,67,103,49,41,200,247,21,57,600
8699,153,165,223,186,66,98,49,40,204,243,21,54,600
7388,145,148,206,180,54,99,51,38,203,246,20,49,600
2954,159,164,212,167,72,102,44,39,203,246,22,47,600
7109,148,159,205,173,64,100,48,30,203,248,21,47,600
2748,146,153,208,180,60,95,48,39,194,246,21,49,600
3464,156,163,188,171,69,96,45,43,200,234,21,45,600
7058,158,167,209,171,65,113,48,41,220,257,20,45,601
3805,159,169,209,186,70,101,43,43,213,245,20,46,601
3489,152,159,231,186,69,104,40,36,199,252,20,45,601
3131,149,160,210,188,68,93,45,40,201,243,20,53,601
197,156,164,203,177,71,100,47,36,213,254,19,49,602
4302,153,165,220,179,68,96,50,41,205,244,21,52,602
3252,149,159,216,180,67,98,55,35,199,250,20,45,602
3221,154,164,209,179,71,100,49,31,207,256,19,47,603
2475,154,161,223,183,65,102,48,35,201,249,19,47,603
7814,147,152,202,175,62,104,40,42,212,238,22,47,603
118,149,158,214,169,69,101,42,35,209,257,23,53,604
3055,146,161,220,179,62,95,40,49,196,257,20,46,604
131,145,157,207,168,62,95,43,35,209,255,19,47,604
3653,159,168,205,185,72,99,50,36,198,245,21,46,604
2996,148,154,216,162,65,94,43,38,204,247,22,53,604
8132,144,151,204,175,60,96,40,39,192,247,19,44,604
4104,153,163,185,179,65,105,41,44,202,246,20,47,605
4064,155,160,201,175,66,100,40,35,201,252,19,44,605
511,152,157,217,175,78,100,40,39,209,238,21,47,605
3454,153,167,222,184,72,100,48,41,198,247,20,59,606
2129,147,158,218,174,62,94,43,38,201,252,20,48,606
2359,148,159,205,183,62,102,50,37,195,246,21,54,606
3936,158,169,196,182,70,97,47,35,201,241,20,46,606
7117,147,155,212,180,62,100,38,34,199,244,20,45,606
3858,159,163,210,165,69,98,54,41,204,244,21,45,607
3274,156,156,195,175,70,91,42,42,199,249,20,46,607
254,155,173,207,164,72,97,44,38,209,246,23,52,608
2909,153,162,218,180,67,102,44,38,204,262,21,51,609
2945,152,163,224,186,66,100,48,37,199,244,20,52,609
2744,150,159,212,185,64,95,50,37,201,243,21,47,609
2753,159,158,216,165,66,105,41,37,206,233,20,49,609
7775,159,163,228,168,63,96,51,42,203,256,20,56,610
2104,147,156,220,180,65,103,44,39,203,254,20,52,611
8217,157,163,221,183,71,99,42,38,200,239,20,45,611
2370,145,153,223,173,56,99,48,34,206,257,20,49,612
2639,156,168,222,188,67,99,45,40,212,252,21,58,613
2696,147,153,212,174,61,99,39,39,199,268,20,42,613
8016,149,158,208,178,62,103,40,33,201,254,20,43,613
2577,153,163,217,168,70,102,40,39,206,246,20,48,613
7881,142,162,230,186,69,95,43,40,198,244,21,46,613
2572,152,161,215,183,61,99,49,38,216,259,21,42,614
268,164,170,225,168,78,116,50,38,217,256,23,48,614
3555,146,159,216,176,61,105,46,43,209,240,20,47,614
7873,148,154,225,170,60,95,47,38,205,253,23,50,615
3889,155,168,217,189,68,96,49,41,202,247,19,45,615
3336,153,161,216,181,66,103,42,39,204,244,20,43,615
2356,152,156,189,174,60,95,49,33,200,260,19,44,616
2514,150,156,218,174,63,103,42,40,200,236,20,45,616
3601,149,163,210,182,67,100,46,41,204,260,21,59,617
3723,155,167,204,184,80,96,55,37,220,250,20,50,617
8621,143,146,214,162,55,100,47,36,203,252,19,49,617
3264,150,166,218,184,67,96,41,38,201,252,19,46,618
3947,160,165,187,180,74,105,42,37,212,244,20,45,619
8436,152,160,222,176,65,101,40,35,205,241,20,49,619
8498,147,158,222,181,63,108,47,41,210,252,21,55,620
4041,155,165,220,185,70,101,46,36,205,250,21,51,620
2095,144,152,218,184,63,100,44,33,201,256,21,54,620
3955,156,168,188,173,69,105,43,36,205,239,21,46,620
3181,154,164,222,184,66,101,52,38,207,253,21,62,621
2181,150,162,231,186,69,98,54,38,207,249,21,47,621
2987,155,167,228,198,68,104,48,40,210,254,21,54,622
2956,152,165,220,163,68,95,48,38,205,255,21,51,622
3170,154,165,216,179,66,98,53,35,210,247,21,53,623
4290,160,176,224,194,74,107,46,39,205,237,21,55,623
2913,158,166,224,179,70,100,53,36,206,245,21,47,624
4253,153,155,210,175,62,102,50,47,210,259,19,43,625
4113,152,162,214,180,69,94,42,32,216,248,20,59,625
3786,160,174,228,184,72,105,50,43,207,240,19,51,625
7354,149,153,206,168,54,105,51,36,210,253,20,46,626
3535,155,165,225,185,71,94,47,41,204,246,21,58,626
3155,158,163,221,172,69,92,47,42,209,247,20,47,627
8493,144,152,215,172,57,101,48,33,203,258,19,45,627
2166,156,165,223,193,67,101,50,38,208,247,21,57,628
163,146,156,214,175,62,100,42,33,205,259,21,59,628
7582,146,156,223,193,60,102,47,39,199,249,19,55,628
3362,153,164,213,175,72,107,43,38,206,245,20,48,628
3256,152,155,218,177,64,98,47,40,201,246,20,53,628
3316,159,166,203,177,73,106,51,44,202,241,19,44,628
7496,148,154,223,180,59,105,48,42,210,255,21,54,629
2127,151,150,214,159,63,104,38,31,213,257,19,47,629
8625,150,157,222,180,64,93,48,41,202,248,21,51,629
3990,157,166,220,176,66,106,45,40,212,260,22,46,630
3687,153,157,220,173,68,97,49,36,211,253,20,45,630
2552,150,155,205,160,64,94,45,35,210,256,20,52,630
4138,156,164,208,173,64,103,44,40,204,246,20,54,630
3344,144,162,218,190,68,108,44,40,206,255,20,58,631
3076,151,178,225,183,62,95,46,42,205,236,20,53,631
230,152,161,211,182,63,102,43,40,202,256,20,50,632
150,147,160,210,170,64,104,44,33,212,250,19,53,632
3730,159,169,210,182,72,101,45,38,207,240,21,58,633
2944,155,168,230,182,71,95,46,40,203,240,23,47,633
3258,148,160,212,183,70,97,42,36,204,248,20,51,633
6,154,167,218,176,71,104,46,36,211,244,23,57,634
8528,151,168,209,178,61,103,51,33,208,265,21,45,635
3156,154,168,225,183,70,107,50,41,207,255,21,50,635
3199,156,165,186,177,66,101,48,30,219,253,19,55,635
2752,148,165,235,184,69,95,46,37,205,254,20,52,635
3759,152,163,215,191,71,106,53,37,213,264,21,51,638
3956,163,170,200,179,68,103,52,38,208,249,20,45,638
3194,154,166,214,188,69,100,47,37,201,254,19,52,638
2373,154,158,223,172,65,100,42,37,208,264,21,49,640
2933,154,163,215,172,61,106,49,37,216,246,22,50,640
4009,152,168,212,185,75,101,43,39,206,254,22,48,640
3837,157,172,210,170,70,100,44,37,205,245,20,52,640
2505,151,164,222,194,71,98,47,42,204,245,21,44,640
3922,157,167,212,180,70,102,49,39,201,240,20,48,640
8378,147,158,220,182,62,103,45,37,209,269,22,43,641
3512,148,161,212,182,65,102,48,35,200,253,23,55,641
3517,156,163,211,183,65,103,48,36,218,260,19,47,642
2483,159,169,223,185,67,98,55,39,213,256,23,45,642
2835,154,165,215,190,70,100,52,42,210,247,23,46,642
3016,162,170,210,168,74,103,53,43,210,243,21,48,642
2896,147,158,240,175,66,97,44,40,201,250,20,44,642
3331,159,164,205,180,72,114,45,35,212,252,20,48,643
3307,162,166,202,185,74,104,52,42,207,248,20,44,643
164,150,163,220,187,64,96,45,40,203,253,22,50,644
2803,141,156,216,175,64,94,47,36,198,256,21,48,644
8433,151,163,210,169,62,108,50,33,212,257,20,47,645
8392,144,159,218,176,59,96,44,38,199,262,21,49,646
3665,148,163,212,192,65,99,58,43,206,243,21,48,647
999113,145,158,219,164,68,104,44,35,219,258,23,58,648
2117,152,157,217,179,65,103,41,40,208,244,20,46,648
3298,155,164,216,187,72,101,43,41,210,253,20,45,649
8149,150,158,202,193,63,102,41,36,202,249,20,48,649
2941,153,164,227,179,65,98,47,43,210,253,20,47,650
7203,145,156,210,183,60,100,42,33,208,260,20,44,650
3211,149,160,218,170,65,98,45,43,216,258,18,48,651
7670,151,163,210,190,65,107,48,41,209,244,21,52,651
2150,152,161,217,179,64,100,47,37,215,257,19,46,652
2995,152,161,212,178,64,98,54,39,212,250,20,46,652
4087,159,167,201,183,69,108,52,44,210,240,19,48,652
3685,153,158,230,190,68,99,45,42,205,260,20,57,653
3822,156,165,198,183,68,104,46,39,207,257,21,48,653
3532,150,168,209,178,69,102,45,38,208,249,20,52,653
3785,161,170,233,194,73,105,50,42,209,257,20,56,654
212,152,163,215,165,64,102,48,33,210,255,20,54,654
231,150,161,218,185,64,100,48,45,202,250,21,58,654
2232,150,155,205,180,66,109,50,40,205,255,21,48,654
689,150,160,219,183,62,103,45,37,208,241,22,46,654
3192,160,177,203,183,65,109,42,33,215,252,21,52,655
3521,160,166,196,174,64,105,43,42,209,243,20,45,655
2466,151,157,208,175,56,100,54,35,205,261,20,46,656
2394,149,162,208,170,62,104,43,41,210,251,19,58,656
2967,159,161,207,189,73,103,46,43,205,246,20,47,656
3090,156,165,210,190,73,98,52,41,204,244,20,51,656
3618,162,170,212,187,69,106,47,43,216,255,21,58,657
3425,157,165,235,195,65,106,53,42,207,249,21,62,657
2446,152,161,232,183,64,102,44,35,202,247,21,55,657
2550,156,159,218,175,69,102,45,43,212,255,20,52,658
3934,151,167,210,182,68,102,43,36,206,253,21,49,658
3972,159,168,203,185,68,102,45,39,207,255,19,52,659
2395,153,157,214,176,55,106,50,36,213,251,20,48,659
168,158,168,216,167,76,101,49,38,217,254,22,56,660
2823,155,168,225,178,69,101,50,36,208,251,20,49,660
169,151,158,224,165,64,105,53,42,210,245,21,47,660
3293,162,171,218,184,74,108,48,41,215,253,22,54,662
3645,152,162,207,190,63,93,43,38,201,244,21,47,662
3848,153,163,197,182,60,101,47,40,217,254,22,48,663
3856,149,160,216,180,63,99,54,43,204,260,21,46,663
8327,155,162,213,183,60,100,54,37,211,241,20,48,663
2226,150,156,205,176,57,105,53,37,206,265,19,44,664
8401,152,157,223,188,62,101,47,43,204,263,19,62,665
2682,152,163,220,173,64,100,49,39,204,250,19,45,665
103,158,159,199,179,64,111,47,32,218,266,23,54,666
2173,150,162,221,173,56,95,43,37,212,253,22,50,666
2254,142,162,218,185,59,102,47,41,210,248,22,55,668
3834,158,168,214,195,74,103,43,43,206,255,20,51,669
8459,145,160,220,175,59,102,52,39,210,258,22,49,670
160,154,163,216,169,69,102,45,36,210,254,22,46,670
2991,158,163,223,177,62,106,50,43,212,260,19,49,671
2794,158,165,210,181,65,102,51,34,217,250,20,45,672
2883,159,169,223,185,67,98,55,39,213,256,23,45,673
8405,145,153,222,183,75,100,45,39,208,264,20,53,673
3234,152,162,220,180,65,104,43,37,207,250,19,44,674
8519,145,151,193,168,55,105,50,41,210,272,20,49,675
2144,150,169,228,187,61,106,43,41,207,255,19,55,675
8679,149,162,227,182,60,98,52,35,204,255,21,46,675
3001,163,170,222,191,64,102,56,48,209,237,21,59,676
2589,159,166,225,183,71,108,50,39,209,268,21,52,678
7382,145,162,224,171,59,95,45,38,206,252,20,52,678
2802,161,164,230,178,72,105,46,37,204,248,19,53,679
2948,153,162,225,185,64,102,49,41,208,252,22,53,680
8616,148,155,201,187,59,98,49,33,217,279,20,45,681
2175,142,158,215,185,60,102,50,38,208,272,22,47,681
196,160,165,225,173,70,106,48,44,210,263,20,54,682
2125,151,158,191,184,60,103,48,33,216,259,20,53,682
7319,150,157,222,176,62,104,43,40,202,257,21,46,682
2195,152,165,222,185,64,107,52,38,212,266,21,54,684
4160,162,169,208,187,66,101,51,45,211,262,20,45,684
3518,152,160,213,175,64,98,42,36,205,252,18,57,684
3733,157,164,227,183,68,104,52,45,211,263,20,61,685
3038,166,172,240,195,74,111,56,43,215,253,22,58,686
3352,163,172,219,184,73,101,50,39,204,261,21,58,692
3138,148,155,212,181,72,98,53,37,207,262,21,57,692
3815,163,175,221,197,72,102,55,46,212,250,21,53,693
2077,147,150,225,185,60,94,47,39,210,258,19,51,695
14,157,170,215,170,61,102,53,46,214,250,22,50,696
2986,148,159,199,184,58,100,57,39,208,262,21,44,696
3278,153,165,230,180,65,98,50,37,210,248,23,49,696
8339,152,160,213,177,60,99,50,34,205,264,19,45,697
2976,156,164,215,175,64,108,49,36,220,265,20,53,698
3443,158,171,221,179,61,106,53,40,213,249,20,57,698
3052,154,166,220,193,63,100,47,36,210,248,22,55,698
2358,159,161,224,177,62,103,50,36,208,255,21,49,698
3086,161,172,224,179,70,105,56,41,219,262,20,45,701
3007,152,163,240,189,60,105,51,45,216,255,21,47,701
4051,161,172,225,184,69,101,56,46,224,259,21,54,702
3699,155,164,215,186,70,95,50,41,210,260,19,48,702
3703,154,166,231,200,68,104,45,38,210,262,22,55,705
2271,156,166,220,190,60,100,45,40,220,251,19,57,705
165,149,162,227,165,66,100,41,37,219,272,20,46,706
3395,164,172,223,189,69,103,50,42,208,259,21,60,706
2738,154,168,220,185,63,112,53,40,215,267,21,56,707
2631,152,163,230,178,62,103,55,39,216,263,20,46,708
3558,158,162,206,173,57,105,51,39,220,265,19,45,709
2830,150,169,224,195,71,100,48,41,213,265,22,49,709
7815,147,157,224,188,63,109,48,43,219,259,19,61,711
8587,162,173,227,188,64,105,50,40,223,257,22,55,714
2457,151,156,198,185,69,103,48,40,214,265,20,50,714
2832,155,160,200,181,58,105,44,41,218,252,21,45,715
3792,139,174,235,200,79,99,53,45,214,269,21,64,720
2773,158,161,229,182,66,101,40,38,213,254,20,50,721
3089,161,165,220,180,69,109,42,39,220,272,22,54,722
181,157,163,234,182,64,104,49,32,213,250,21,56,724
3937,169,180,233,192,78,108,51,44,215,255,22,56,725
3981,165,178,215,190,74,102,46,42,215,257,20,52,725
2604,150,161,230,183,56,102,50,37,213,265,22,54,726
2951,154,164,213,193,67,102,47,36,208,257,22,53,728
3826,159,167,210,184,64,106,54,47,220,265,20,45,729
2880,156,166,208,185,62,105,50,41,216,265,20,48,729
8633,162,169,201,172,67,104,53,37,217,263,20,47,730
7880,152,163,223,173,65,102,39,36,212,260,20,49,730
3581,157,164,220,168,66,106,44,38,212,266,21,53,731
2519,156,169,236,189,75,105,57,40,217,266,21,53,735
2785,160,171,215,188,72,100,48,38,205,254,21,50,736
2316,158,163,225,179,61,107,50,41,224,280,20,47,737
3570,154,166,237,193,63,109,47,39,212,261,21,62,737
7764,158,166,231,184,63,108,45,39,216,261,21,47,737
235,159,169,212,182,64,105,56,46,217,268,22,49,740
619201,153,160,218,180,61,104,51,45,213,266,22,51,742
3469,162,167,220,188,66,102,57,40,216,265,21,49,746
3544,163,165,240,190,68,108,48,45,231,266,20,47,748
7292,142,155,220,183,60,98,57,36,210,270,23,50,748
3209,160,171,222,177,72,103,48,38,216,270,22,63,751
178,169,173,240,200,67,107,55,40,226,262,21,63,754
8497,149,160,228,175,55,98,48,42,224,273,21,52,755
100000,151,155,219,184,55,107,42,37,218,278,20,52,756
2749,162,173,222,195,68,104,53,38,217,274,21,56,757
2800,156,170,215,195,67,102,57,41,220,267,20,48,757
2815,154,165,230,195,61,100,43,38,213,274,21,55,766
2546,160,163,228,178,67,102,48,41,207,277,21,58,769
2746,150,164,210,182,62,107,53,34,216,280,19,53,771
3599,161,168,209,189,67,109,52,40,230,270,21,50,772
2658,159,163,226,177,64,101,54,45,207,260,21,54,773
2735,159,168,190,167,68,108,50,36,215,266,19,55,778
166,159,170,219,185,66,109,53,42,220,275,22,49,782
3172,150,162,229,204,71,108,58,46,225,275,22,54,788
183,163,172,229,182,72,107,46,36,233,264,21,57,794
3042,158,170,235,187,68,107,47,45,220,262,21,48,795
2978,152,160,213,190,63,108,59,40,225,272,21,52,802
3125,168,175,239,190,68,108,50,43,220,265,22,50,811
147,156,165,246,190,58,104,50,42,229,282,21,58,824
